left,right,distance,same_patient_group
anatomy_000109_1591bdca,anatomy_000110_8aa4688e,0,True
anatomy_000111_5336951b,anatomy_000112_f89195ab,2,True
anatomy_000114_b481c815,anatomy_000115_7a8c8c3a,0,True
anatomy_000117_a339fdc3,anatomy_000118_bee8744e,0,True
anatomy_000119_a2b24f84,anatomy_000120_c0634942,0,True
anatomy_000121_ef91c5f5,anatomy_000122_7d3cc99c,2,True
anatomy_000124_f130352f,anatomy_000125_4cb06179,2,True
anatomy_000126_7f78f5cb,anatomy_000127_1580f57e,0,True
anatomy_000130_2497f325,anatomy_000131_9e7eb6c3,0,True
anatomy_000132_41e5706f,anatomy_000133_dcc45fcc,2,True
anatomy_000134_ea9d6914,anatomy_000135_00475b37,0,True
anatomy_000138_35ae2f7d,anatomy_000139_0a342751,2,True
anatomy_000143_0de2ad7d,anatomy_000144_4841cb83,2,True
anatomy_000147_a459c0ab,anatomy_000148_ff1ad3bd,2,True
anatomy_000152_aa9238a7,anatomy_000153_2fa5c962,0,True
anatomy_000157_8f5eb23d,anatomy_000158_379cec54,2,True
anatomy_000159_f35e89f8,anatomy_000160_8fe7e706,2,True
anatomy_000162_98cac3b9,anatomy_000163_a931124c,2,True
anatomy_000165_889b6db1,anatomy_000166_c5916e9d,2,True
anatomy_000167_9ac395d2,anatomy_000168_15c3fe23,0,True
anatomy_000170_cd462f75,anatomy_000171_93e27f3d,0,True
anatomy_000175_0f204681,anatomy_000176_95dd726a,2,True
anatomy_000177_52481f66,anatomy_000178_b73b5bd4,2,True
anatomy_000180_078a9167,anatomy_000181_f49d2d51,2,True
anatomy_000184_1b1531e4,anatomy_000185_09a7965f,0,True
anatomy_000187_95845994,anatomy_000188_7ccf068d,0,True
anatomy_000189_fc85ece0,anatomy_000190_828dfaf5,2,True
anatomy_000191_9123473c,anatomy_000192_53a276a3,2,True
anatomy_000195_91724b3c,anatomy_000196_0af36855,0,True
anatomy_000197_be4e7208,anatomy_000198_12a3cb14,0,True
anatomy_000200_e7073397,anatomy_000201_64c05948,0,True
anatomy_000202_92a13196,anatomy_000203_ec60a1a3,0,True
anatomy_000207_19d4fed3,anatomy_000208_e1445c1b,0,True
anatomy_000210_44f45ac5,anatomy_000211_5fe4dae8,2,True
anatomy_000212_135d466f,anatomy_000213_af7b7422,2,True
anatomy_000216_8605e4a7,anatomy_000217_1a7a01ea,0,True
anatomy_000218_3a0fc5b9,anatomy_000219_9fbbcc8b,0,True
anatomy_000220_462f608a,anatomy_000221_88d370a3,2,True
anatomy_000222_2bf7df8c,anatomy_000223_42807013,0,True
anatomy_000224_193c0fbe,anatomy_000225_b6d4b884,0,True
anatomy_000227_66293c96,anatomy_000228_8285bf57,2,True
anatomy_000234_887f86ca,anatomy_000235_ef06db6c,0,True
anatomy_000237_b5ccfbc3,anatomy_000238_895302b8,2,True
anatomy_000239_4149bc0e,anatomy_000240_57b42d10,0,True
anatomy_000241_8eca7ddf,anatomy_000242_7b33516f,0,True
anatomy_000243_916015c5,anatomy_000244_eb11844e,0,True
anatomy_000249_605303fa,anatomy_000250_f0bf4d95,0,True
anatomy_000251_870d150c,anatomy_000252_7d906569,2,True
anatomy_000254_447a416b,anatomy_000255_dc1d9f97,0,True
anatomy_000256_9f2fdd51,anatomy_000257_d08069b7,0,True
anatomy_000261_d2a4f1eb,anatomy_000262_5c15bfdb,2,True
anatomy_000263_63ad805d,anatomy_000264_686436bb,2,True
anatomy_000265_efb054b4,anatomy_000266_af2f0121,2,True
anatomy_000267_558db2fd,anatomy_000268_d264afb0,0,True
anatomy_000269_7ea0655b,anatomy_000270_6126ea55,0,True
anatomy_000274_bd468d09,anatomy_000275_799ad481,0,True
anatomy_000278_817ce641,anatomy_000279_4b801e87,2,True
anatomy_000280_1486f532,anatomy_000281_fcfbde72,0,True
anatomy_000285_2367ee68,anatomy_000286_0d92ad42,0,True
anatomy_000291_e7bb7e59,anatomy_000292_3529d897,2,True
anatomy_000293_15a06824,anatomy_000294_1fc4e0e7,0,True
anatomy_000295_2702ee3d,anatomy_000296_4df33172,2,True
anatomy_000297_d48dec30,anatomy_000298_3fdb5f4d,2,True
anatomy_000301_8e1f7566,anatomy_000302_645f83bc,0,True
anatomy_000303_f47b942c,anatomy_000304_ca7a7aab,0,True
anatomy_000305_79387e1f,anatomy_000306_3dd5a232,0,True
anatomy_000308_a456dfa3,anatomy_000309_414b1c08,0,True
anatomy_000310_228d4e1e,anatomy_000311_d888b2d6,2,True
anatomy_000312_b4151d42,anatomy_000313_b6d69bf4,2,True
anatomy_000318_c3d1e975,anatomy_000319_161a8479,0,True
anatomy_000322_0d45736a,anatomy_000323_d5278e9c,0,True
anatomy_000324_3f438e47,anatomy_000325_494ce60d,2,True
anatomy_000326_032f33a3,anatomy_000327_4913b314,0,True
anatomy_000328_699f14fe,anatomy_000329_2b6b2b7c,0,True
anatomy_000332_e4561413,anatomy_000333_b32c4ecf,2,True
anatomy_000334_591cc672,anatomy_000335_0af8356c,0,True
anatomy_000336_96e4d46b,anatomy_000337_72053003,0,True
anatomy_000338_fab52f91,anatomy_000339_b91f6dc8,0,True
anatomy_000340_b76e21d5,anatomy_000341_ade7ea71,0,True
anatomy_000342_5f7e5461,anatomy_000343_dd355dd2,2,True
anatomy_000345_1b9cad03,anatomy_000346_e01d879d,0,True
anatomy_000347_02cca591,anatomy_000348_3e8069e8,0,True
anatomy_000349_4c9c710b,anatomy_000350_4cfaee57,0,True
anatomy_000351_326ae75b,anatomy_000352_80c0beb0,0,True
anatomy_000353_6c2c7cc9,anatomy_000354_54cd377c,2,True
anatomy_000355_c448574d,anatomy_000356_da41e02a,2,True
anatomy_000357_d638b484,anatomy_000358_7ec6bcc4,0,True
anatomy_000361_3f99f647,anatomy_000362_6220d3a2,0,True
anatomy_000365_6b05d1af,anatomy_000366_04124887,0,True
anatomy_000370_a8ea4605,anatomy_000371_fa450489,0,True
anatomy_000372_4e344fdf,anatomy_000373_c2a1f6bc,2,True
anatomy_000377_11c3a784,anatomy_000378_5458bfe5,2,True
anatomy_000379_9d476927,anatomy_000380_80587430,2,True
anatomy_000384_6d2a7698,anatomy_000385_f50f236c,2,True
anatomy_000386_df738862,anatomy_000387_f2f57103,0,True
anatomy_000388_898f29fa,anatomy_000389_44abb99c,2,True
anatomy_000390_0630fcc4,anatomy_000391_57cd9b34,2,True
anatomy_000394_dd55b3f5,anatomy_000395_dab00318,2,True
anatomy_000396_bb310df2,anatomy_000397_72a2554d,2,True
anatomy_000398_60703ed6,anatomy_000399_1cd2bc06,0,True
anatomy_000401_1dd23201,anatomy_000402_1a857374,0,True
anatomy_000404_9761219a,anatomy_000405_5ca3a6a4,0,True
anatomy_000411_deb2902f,anatomy_000412_2dc39226,2,True
anatomy_000418_8b88f07e,anatomy_000419_5a28e6aa,0,True
anatomy_000421_fbef717e,anatomy_000422_486f4ee1,2,True
anatomy_000424_c0f23477,anatomy_000425_ed93cca6,0,True
anatomy_000428_fd7adee0,anatomy_000429_636922cb,0,True
anatomy_000430_cae6992e,anatomy_000431_42ea6201,0,True
anatomy_000432_1d72d11d,anatomy_000433_7748f3f2,2,True
anatomy_000441_0ce8c7fa,anatomy_000442_336a5598,0,True
anatomy_000443_450eddc0,anatomy_000444_0371318d,0,True
anatomy_000451_434f6faa,anatomy_000452_c6c0d116,2,True
anatomy_000454_48686563,anatomy_000455_d010ecd7,0,True
anatomy_000457_a52d3c31,anatomy_000458_b07fba6c,0,True
anatomy_000459_82d2221f,anatomy_000460_b8e9fbf0,0,True
anatomy_000462_fe0e9044,anatomy_000463_629dd77a,0,True
anatomy_000471_a46397b9,anatomy_000472_7bfc97c4,0,True
anatomy_000473_32238aa8,anatomy_000474_e738edf8,2,True
anatomy_000476_26507a13,anatomy_000477_5324b943,0,True
anatomy_000486_e17cbf33,anatomy_000487_02f1ff9d,0,True
anatomy_000486_e17cbf33,anatomy_000574_eca545aa,2,True
anatomy_000486_e17cbf33,anatomy_000624_b3a099b5,2,True
anatomy_000487_02f1ff9d,anatomy_000574_eca545aa,2,True
anatomy_000487_02f1ff9d,anatomy_000624_b3a099b5,2,True
anatomy_000490_ad0ade6c,anatomy_000491_89b92039,0,True
anatomy_000492_e7cf8dae,anatomy_000493_8ecb1791,2,True
anatomy_000495_d0a8ad41,anatomy_000496_1cda1ae4,0,True
anatomy_000497_b8ba00fe,anatomy_000498_f07a8544,2,True
anatomy_000499_3e082697,anatomy_000500_4ea8a7fe,2,True
anatomy_000504_d32ed1e8,anatomy_000505_c2a101d4,0,True
anatomy_000506_66f25e97,anatomy_000507_5c4488a7,2,True
anatomy_000512_02684d8a,anatomy_000513_1ea39d08,2,True
anatomy_000516_f42f9727,anatomy_000517_8a782d2d,2,True
anatomy_000519_8dc6ffd1,anatomy_000520_09adc18d,2,True
anatomy_000522_dbe7ebf8,anatomy_000523_2f249302,0,True
anatomy_000526_5b302d79,anatomy_000527_1a9143b7,2,True
anatomy_000528_988ea441,anatomy_000529_aebaeeb7,0,True
anatomy_000532_793af273,anatomy_000533_44f69038,0,True
anatomy_000534_9c96e61c,anatomy_000535_79bc5afc,0,True
anatomy_000540_0ee75adc,anatomy_000541_200e84a7,0,True
anatomy_000545_14462374,anatomy_000546_0f25933c,2,True
anatomy_000547_66b5b58f,anatomy_000548_f14b15e4,0,True
anatomy_000550_14dd870c,anatomy_000551_9e0a1c6e,0,True
anatomy_000554_adab7961,anatomy_000555_a74d2a8b,2,True
anatomy_000560_1761b0b1,anatomy_000561_22542393,0,True
anatomy_000562_8e0f764a,anatomy_000563_4eef81a3,0,True
anatomy_000568_6633699e,anatomy_000569_80bd95d9,2,True
anatomy_000573_94837f3c,anatomy_000574_eca545aa,2,True
anatomy_000573_94837f3c,anatomy_000624_b3a099b5,2,True
anatomy_000574_eca545aa,anatomy_000624_b3a099b5,0,True
anatomy_000577_7093e709,anatomy_000578_772e4fc4,2,True
anatomy_000586_9f4e143c,anatomy_000587_ac4e7b17,0,True
anatomy_000588_c547f735,anatomy_000589_e46442b2,2,True
anatomy_000590_dad6b375,anatomy_000591_50f0c1a1,2,True
anatomy_000595_1b17dad4,anatomy_000596_22c8e4ba,0,True
anatomy_000598_3bd0ab3a,anatomy_000599_fd348856,2,True
anatomy_000603_0eb1d0e9,anatomy_000604_8f0ac060,2,True
anatomy_000605_21093604,anatomy_000606_3c763e30,0,True
anatomy_000607_8573ba3b,anatomy_000608_2604071f,2,True
anatomy_000611_1d74ff50,anatomy_000612_d086a6c3,0,True
anatomy_000028_58098eba,anatomy_000047_df2d411a,0,True
disease_001579_f7d86a73,disease_001580_b1071d87,0,True
disease_001579_f7d86a73,disease_000001_489ce0b2,0,True
disease_001579_f7d86a73,disease_000002_aa1920fd,0,True
disease_001580_b1071d87,disease_000001_489ce0b2,0,True
disease_001580_b1071d87,disease_000002_aa1920fd,0,True
disease_001581_82132fe0,disease_000003_9f988239,0,True
disease_001582_3b3547ea,disease_011006_da4b6faa,0,True
disease_001582_3b3547ea,disease_011007_810400cf,0,True
disease_001582_3b3547ea,disease_000004_3bf98ae5,0,True
disease_001583_43ae5152,disease_001584_6c4ffce8,0,True
disease_001583_43ae5152,disease_001586_ceac2b25,0,True
disease_001583_43ae5152,disease_000005_4049f723,0,True
disease_001584_6c4ffce8,disease_001586_ceac2b25,0,True
disease_001584_6c4ffce8,disease_000005_4049f723,0,True
disease_001586_ceac2b25,disease_000005_4049f723,0,True
disease_001587_4fa93eaf,disease_001588_2d39b28f,0,True
disease_001587_4fa93eaf,disease_001589_8f8fc9e8,0,True
disease_001588_2d39b28f,disease_001589_8f8fc9e8,0,True
disease_001590_b1fdca7e,disease_001591_7fcde17e,0,True
disease_001590_b1fdca7e,disease_001592_8a60f701,0,True
disease_001591_7fcde17e,disease_001592_8a60f701,0,True
disease_001593_526637f6,disease_011010_52db47f7,0,True
disease_001594_9381e089,disease_001595_1a6df46b,0,True
disease_001594_9381e089,disease_001596_51ac5d35,2,True
disease_001595_1a6df46b,disease_001596_51ac5d35,2,True
disease_001597_2bbc4359,disease_000006_b491624a,0,True
disease_001598_5cfa13bb,disease_011011_1bb6e013,2,True
disease_001599_3483d442,disease_001600_67bb794e,0,True
disease_001599_3483d442,disease_001601_acea70cb,0,True
disease_001600_67bb794e,disease_001601_acea70cb,0,True
disease_001602_acbc0bbe,disease_013396_19f2c875,2,True
disease_001602_acbc0bbe,disease_013397_96403e70,2,True
disease_001602_acbc0bbe,disease_000007_57764e07,0,True
disease_001603_c2fd09ae,disease_000008_0987b94c,0,True
disease_001604_b1bd358f,disease_000009_40368096,0,True
disease_001605_02b6b576,disease_001606_076a6882,0,True
disease_001605_02b6b576,disease_011014_ae831d87,0,True
disease_001605_02b6b576,disease_000010_77ba2104,0,True
disease_001606_076a6882,disease_011014_ae831d87,0,True
disease_001606_076a6882,disease_000010_77ba2104,0,True
disease_001607_e5a73a1e,disease_001608_2eb77444,2,True
disease_001607_e5a73a1e,disease_001609_41063dd9,2,True
disease_001608_2eb77444,disease_001609_41063dd9,0,True
disease_001610_f24b87d9,disease_011017_439edfd7,0,True
disease_001611_40ee00b7,disease_000011_6b0b2a37,0,True
disease_001612_0930c820,disease_001613_bab5a785,0,True
disease_001612_0930c820,disease_001614_99e99b18,0,True
disease_001612_0930c820,disease_011018_6b2519e3,0,True
disease_001612_0930c820,disease_011019_8d836bed,0,True
disease_001613_bab5a785,disease_001614_99e99b18,0,True
disease_001613_bab5a785,disease_011018_6b2519e3,0,True
disease_001613_bab5a785,disease_011019_8d836bed,0,True
disease_001614_99e99b18,disease_011018_6b2519e3,0,True
disease_001614_99e99b18,disease_011019_8d836bed,0,True
disease_001615_3e98ccb5,disease_001616_65174b5d,0,True
disease_001615_3e98ccb5,disease_001617_cd8f6c71,0,True
disease_001616_65174b5d,disease_001617_cd8f6c71,0,True
disease_001618_37c91207,disease_000012_1f7f4c04,0,True
disease_001619_400f13f3,disease_000013_377ed698,0,True
disease_001620_53baa159,disease_011020_a36ed0b5,0,True
disease_001621_ba7d3a8a,disease_001622_7bc2c823,0,True
disease_001621_ba7d3a8a,disease_001623_7d75f50b,2,True
disease_001622_7bc2c823,disease_001623_7d75f50b,2,True
disease_001624_2471ed7e,disease_011021_32549304,0,True
disease_001625_3c4885c7,disease_001626_07c24b88,0,True
disease_001625_3c4885c7,disease_001627_45f39163,0,True
disease_001626_07c24b88,disease_001627_45f39163,0,True
disease_001628_33c46ea2,disease_001629_f43ab3b1,0,True
disease_001628_33c46ea2,disease_001630_1f82a340,0,True
disease_001629_f43ab3b1,disease_001630_1f82a340,0,True
disease_001631_2cb47289,disease_001632_b0ee4c67,0,True
disease_001631_2cb47289,disease_001633_57d5270c,0,True
disease_001631_2cb47289,disease_001634_7c599390,0,True
disease_001631_2cb47289,disease_011022_f02967f1,0,True
disease_001632_b0ee4c67,disease_001633_57d5270c,0,True
disease_001632_b0ee4c67,disease_001634_7c599390,0,True
disease_001632_b0ee4c67,disease_011022_f02967f1,0,True
disease_001633_57d5270c,disease_001634_7c599390,0,True
disease_001633_57d5270c,disease_011022_f02967f1,0,True
disease_001634_7c599390,disease_011022_f02967f1,0,True
disease_001635_39cf4ef2,disease_000014_ac6fa597,0,True
disease_001636_be3e4b1a,disease_000015_21711163,0,True
disease_001637_249a961b,disease_001638_ae364524,2,True
disease_001637_249a961b,disease_001639_26b6c44c,0,True
disease_001638_ae364524,disease_001639_26b6c44c,2,True
disease_001640_89546115,disease_000016_b1c73d62,0,True
disease_001641_08f38c37,disease_001642_41e8ce3c,0,True
disease_001641_08f38c37,disease_001643_af759a34,0,True
disease_001641_08f38c37,disease_011025_da2883c0,0,True
disease_001641_08f38c37,disease_011026_2b04aa44,0,True
disease_001642_41e8ce3c,disease_001643_af759a34,0,True
disease_001642_41e8ce3c,disease_011025_da2883c0,0,True
disease_001642_41e8ce3c,disease_011026_2b04aa44,0,True
disease_001643_af759a34,disease_011025_da2883c0,0,True
disease_001643_af759a34,disease_011026_2b04aa44,0,True
disease_001644_2957df5b,disease_001645_a6c706cd,0,True
disease_001644_2957df5b,disease_001646_81bab73f,2,True
disease_001644_2957df5b,disease_001647_a9dfbdd3,0,True
disease_001645_a6c706cd,disease_001646_81bab73f,2,True
disease_001645_a6c706cd,disease_001647_a9dfbdd3,0,True
disease_001646_81bab73f,disease_001647_a9dfbdd3,2,True
disease_001648_a8165beb,disease_000017_4a485476,0,True
disease_001649_f34bcdab,disease_000018_35b7390b,0,True
disease_001650_6cd930f3,disease_000019_ea1dc8d0,0,True
disease_001651_5cba5834,disease_011029_c9de9b1e,0,True
disease_001652_830215ab,disease_001653_ada92dc4,0,True
disease_001652_830215ab,disease_001654_da0e5d23,2,True
disease_001653_ada92dc4,disease_001654_da0e5d23,2,True
disease_001655_ce0ed1a6,disease_000020_ca15db2b,0,True
disease_001656_41a82407,disease_001657_f1815557,2,True
disease_001656_41a82407,disease_001658_b1520f42,0,True
disease_001657_f1815557,disease_001658_b1520f42,2,True
disease_001659_ab202982,disease_000021_6c667178,0,True
disease_001660_5de9ffc1,disease_000022_775bf41b,0,True
disease_001661_5f3c02cc,disease_000023_a1370f1a,0,True
disease_001662_c7d6d846,disease_001663_83fb2af7,2,True
disease_001662_c7d6d846,disease_001664_d75eb6e7,0,True
disease_001663_83fb2af7,disease_001664_d75eb6e7,2,True
disease_001665_71335e4b,disease_001666_5664e3f2,2,True
disease_001665_71335e4b,disease_001667_15f15ea7,0,True
disease_001666_5664e3f2,disease_001667_15f15ea7,2,True
disease_001668_aa50c4a2,disease_001669_40223943,0,True
disease_001668_aa50c4a2,disease_001670_0c926352,0,True
disease_001669_40223943,disease_001670_0c926352,0,True
disease_001671_e90b37f8,disease_011034_3201c739,0,True
disease_001672_1b8b4d70,disease_011035_c6a19a42,0,True
disease_001673_24120c1a,disease_011036_057ed455,0,True
disease_001674_b7663ac4,disease_011037_a305b6ee,0,True
disease_001675_bf7a0842,disease_001676_4dcb80aa,0,True
disease_001675_bf7a0842,disease_001677_7ac12837,0,True
disease_001676_4dcb80aa,disease_001677_7ac12837,0,True
disease_001678_56e0eab8,disease_000024_4b28bb7a,0,True
disease_001679_ba48e251,disease_000025_ea2f1794,0,True
disease_001680_135f68ae,disease_000026_95e4c491,0,True
disease_001681_024ff052,disease_011038_88a85377,2,True
disease_001682_daf5429e,disease_000027_6fbebede,0,True
disease_001683_4ebd2945,disease_011039_4c947327,0,True
disease_001684_cc176584,disease_011040_eee1d80d,0,True
disease_001685_88723ccb,disease_000028_88e4bd84,0,True
disease_001686_2cae793e,disease_011041_8309b8ff,0,True
disease_001687_a338d052,disease_001688_63203901,2,True
disease_001688_63203901,disease_001689_23d196bf,2,True
disease_001690_06c9c70a,disease_000029_d81fbbb4,0,True
disease_001691_88d8d4af,disease_001692_5ac0b35b,0,True
disease_001691_88d8d4af,disease_001693_c0598a2b,0,True
disease_001692_5ac0b35b,disease_001693_c0598a2b,0,True
disease_001694_73a8049b,disease_000030_663d9125,0,True
disease_001695_35048086,disease_011044_c819b584,0,True
disease_001696_dc1a437e,disease_000031_834cb092,0,True
disease_001697_ef33ef6a,disease_001698_d9f5262c,0,True
disease_001697_ef33ef6a,disease_001699_8a1b862c,0,True
disease_001697_ef33ef6a,disease_001700_2d8222bb,0,True
disease_001697_ef33ef6a,disease_011045_707aa327,0,True
disease_001698_d9f5262c,disease_001699_8a1b862c,0,True
disease_001698_d9f5262c,disease_001700_2d8222bb,0,True
disease_001698_d9f5262c,disease_011045_707aa327,0,True
disease_001699_8a1b862c,disease_001700_2d8222bb,0,True
disease_001699_8a1b862c,disease_011045_707aa327,0,True
disease_001700_2d8222bb,disease_011045_707aa327,0,True
disease_001701_6e873223,disease_001702_226437b6,0,True
disease_001703_c3aa53c3,disease_001704_511e5ddc,2,True
disease_001703_c3aa53c3,disease_001705_526f781a,0,True
disease_001704_511e5ddc,disease_001705_526f781a,2,True
disease_001706_3537c522,disease_000032_3d86066e,0,True
disease_001707_6ed1b8a9,disease_000033_052e5216,0,True
disease_001708_1a10b1c7,disease_011046_79f9ffc3,0,True
disease_001709_d077df6a,disease_011047_7a24eb18,0,True
disease_001710_940bf8c6,disease_011048_f60ca921,0,True
disease_001711_8e315c4d,disease_000034_a45067fc,0,True
disease_001712_9630d20f,disease_000035_81a4b96c,0,True
disease_001713_e09721ee,disease_000036_b489cf0f,0,True
disease_001714_d8367155,disease_001715_aa986319,2,True
disease_001714_d8367155,disease_001716_eab7c1f0,0,True
disease_001715_aa986319,disease_001716_eab7c1f0,2,True
disease_001717_f6522325,disease_001718_fca279f8,0,True
disease_001717_f6522325,disease_001719_2322a3b4,0,True
disease_001718_fca279f8,disease_001719_2322a3b4,0,True
disease_001720_796d5333,disease_000037_23056c71,0,True
disease_001721_e59aa113,disease_011051_4ab3f65f,0,True
disease_001722_b6be7667,disease_001723_6c3ee3b2,0,True
disease_001722_b6be7667,disease_001724_7c586140,2,True
disease_001723_6c3ee3b2,disease_001724_7c586140,2,True
disease_001725_7185468d,disease_001726_8bbb5da3,0,True
disease_001725_7185468d,disease_001727_4ee64dc5,0,True
disease_001725_7185468d,disease_001728_68f8b32a,0,True
disease_001725_7185468d,disease_011056_857569bb,0,True
disease_001726_8bbb5da3,disease_001727_4ee64dc5,0,True
disease_001726_8bbb5da3,disease_001728_68f8b32a,0,True
disease_001726_8bbb5da3,disease_011056_857569bb,0,True
disease_001727_4ee64dc5,disease_001728_68f8b32a,0,True
disease_001727_4ee64dc5,disease_011056_857569bb,0,True
disease_001728_68f8b32a,disease_011056_857569bb,0,True
disease_001729_f627b880,disease_011059_b43f001f,0,True
disease_001730_85b3d3f9,disease_011060_0a9c345e,0,True
disease_001731_e91162c7,disease_000038_911e649a,0,True
disease_001732_eda75ca8,disease_011061_65bc3398,0,True
disease_001733_58e80863,disease_001734_0308d646,0,True
disease_001733_58e80863,disease_001735_59f09a24,0,True
disease_001734_0308d646,disease_001735_59f09a24,0,True
disease_001736_da7c2b62,disease_000039_6d3ecf12,0,True
disease_001737_08fc65d5,disease_001738_b48a1df5,0,True
disease_001737_08fc65d5,disease_001739_fcba5e97,2,True
disease_001738_b48a1df5,disease_001739_fcba5e97,2,True
disease_001740_d7e14f15,disease_001741_6ff49321,0,True
disease_001740_d7e14f15,disease_001742_348eb49c,0,True
disease_001741_6ff49321,disease_001742_348eb49c,0,True
disease_001743_e55a72ff,disease_000040_598e3218,0,True
disease_001744_07da3885,disease_011062_64564922,0,True
disease_001745_4d5dec92,disease_000041_2e6c76de,0,True
disease_001746_e8afe25c,disease_011063_34a96a68,0,True
disease_001747_bd3bc507,disease_001749_fe74856d,0,True
disease_001750_eee93eb2,disease_011066_7147a409,2,True
disease_001751_835ee0e6,disease_001752_c590e1c7,0,True
disease_001751_835ee0e6,disease_001753_2c69af0f,0,True
disease_001752_c590e1c7,disease_001753_2c69af0f,0,True
disease_001754_418760df,disease_000042_fb535c8a,0,True
disease_001755_640c13c2,disease_011069_8a43d7c8,2,True
disease_001756_ab492591,disease_001757_d201e9e4,0,True
disease_001756_ab492591,disease_001758_881a48df,0,True
disease_001757_d201e9e4,disease_001758_881a48df,0,True
disease_001759_fe456347,disease_000043_f0340263,0,True
disease_001760_bc7eee03,disease_001761_5e5e8cab,0,True
disease_001760_bc7eee03,disease_001762_4d4af465,0,True
disease_001760_bc7eee03,disease_002427_c2860180,2,True
disease_001760_bc7eee03,disease_002428_bf17602f,2,True
disease_001760_bc7eee03,disease_002429_c84ebfea,2,True
disease_001760_bc7eee03,disease_009744_c8d8019f,2,True
disease_001760_bc7eee03,disease_009745_95c15c4f,2,True
disease_001760_bc7eee03,disease_009746_139ce2aa,2,True
disease_001761_5e5e8cab,disease_001762_4d4af465,0,True
disease_001761_5e5e8cab,disease_002427_c2860180,2,True
disease_001761_5e5e8cab,disease_002428_bf17602f,2,True
disease_001761_5e5e8cab,disease_002429_c84ebfea,2,True
disease_001761_5e5e8cab,disease_009744_c8d8019f,2,True
disease_001761_5e5e8cab,disease_009745_95c15c4f,2,True
disease_001761_5e5e8cab,disease_009746_139ce2aa,2,True
disease_001762_4d4af465,disease_002427_c2860180,2,True
disease_001762_4d4af465,disease_002428_bf17602f,2,True
disease_001762_4d4af465,disease_002429_c84ebfea,2,True
disease_001762_4d4af465,disease_009744_c8d8019f,2,True
disease_001762_4d4af465,disease_009745_95c15c4f,2,True
disease_001762_4d4af465,disease_009746_139ce2aa,2,True
disease_001763_66c300f0,disease_001764_8f780e7c,0,True
disease_001763_66c300f0,disease_001765_6e1afa26,0,True
disease_001764_8f780e7c,disease_001765_6e1afa26,0,True
disease_001766_0d9abab7,disease_011074_67fbbfac,0,True
disease_001767_ce252524,disease_011075_753ce7d1,0,True
disease_001768_7ac47de7,disease_000044_1639f458,0,True
disease_001769_c1c0d0b4,disease_000045_4f474c7f,0,True
disease_001770_057597e5,disease_011078_a5efc193,0,True
disease_001771_33b8dc9d,disease_001772_80aa10f3,0,True
disease_001771_33b8dc9d,disease_001773_88054412,0,True
disease_001772_80aa10f3,disease_001773_88054412,0,True
disease_001774_a0a2c2b5,disease_000046_7478eea8,0,True
disease_001775_3daa201d,disease_001776_cd1e1cfe,0,True
disease_001775_3daa201d,disease_001777_a1ee907d,0,True
disease_001776_cd1e1cfe,disease_001777_a1ee907d,0,True
disease_001778_0dc15db8,disease_001779_623f3b05,0,True
disease_001781_502b2032,disease_000047_16ad59b1,0,True
disease_001783_dbe21569,disease_001784_d876ec21,0,True
disease_001783_dbe21569,disease_002724_d66a7677,2,False
disease_001783_dbe21569,disease_000218_517614aa,2,False
disease_001784_d876ec21,disease_002724_d66a7677,2,False
disease_001784_d876ec21,disease_000218_517614aa,2,False
disease_001785_8e2bcd6a,disease_000048_6fc24e76,0,True
disease_001786_740f3ca4,disease_000049_bb6b3457,0,True
disease_001788_1b1fe6cc,disease_001789_edbbb719,0,True
disease_001788_1b1fe6cc,disease_001790_7e3cb96e,0,True
disease_001789_edbbb719,disease_001790_7e3cb96e,0,True
disease_001791_2f2757b1,disease_011089_acdf8c5b,0,True
disease_001792_b2bc643c,disease_000050_8ae19618,2,True
disease_001793_df3bf289,disease_001794_c3b4807f,2,True
disease_001793_df3bf289,disease_001795_63225445,2,True
disease_001794_c3b4807f,disease_001795_63225445,0,True
disease_001796_9227588a,disease_000051_a4bf40f2,0,True
disease_001797_0d514595,disease_001798_ce3fe443,0,True
disease_001797_0d514595,disease_001799_19bcd84a,0,True
disease_001797_0d514595,disease_001800_6478a563,0,True
disease_001797_0d514595,disease_011090_d1a76b43,0,True
disease_001798_ce3fe443,disease_001799_19bcd84a,0,True
disease_001798_ce3fe443,disease_001800_6478a563,0,True
disease_001798_ce3fe443,disease_011090_d1a76b43,0,True
disease_001799_19bcd84a,disease_001800_6478a563,0,True
disease_001799_19bcd84a,disease_011090_d1a76b43,0,True
disease_001800_6478a563,disease_011090_d1a76b43,0,True
disease_001801_1b13d03f,disease_011093_2af6cd22,0,True
disease_001802_2b1d5c3a,disease_001803_c7f6c417,0,True
disease_001802_2b1d5c3a,disease_001804_2dab8364,2,True
disease_001803_c7f6c417,disease_001804_2dab8364,2,True
disease_001805_cf64bf46,disease_011094_f6ebbab1,0,True
disease_001806_d76ffb5d,disease_000052_6b152015,2,True
disease_001807_309df47c,disease_000053_49afa1db,0,True
disease_001809_8da5e381,disease_001810_afbda0ed,0,True
disease_001811_a3567110,disease_001812_e1a380d6,0,True
disease_001811_a3567110,disease_001813_6d2272d9,0,True
disease_001812_e1a380d6,disease_001813_6d2272d9,0,True
disease_001814_f6f12096,disease_000054_655d0289,0,True
disease_001815_a17f0d67,disease_000055_c9f41f87,0,True
disease_001816_3be1bf19,disease_011095_93929c49,0,True
disease_001817_34c04c94,disease_011096_5fa37396,0,True
disease_001818_f7288bda,disease_000056_d6171752,0,True
disease_001819_4240f505,disease_011097_0785c4c7,0,True
disease_001820_df72e37c,disease_011098_78a220a8,0,True
disease_001821_3189c3c4,disease_000057_4b4c6122,0,True
disease_001822_2c13bf90,disease_001823_d0cff7bb,0,True
disease_001822_2c13bf90,disease_001824_d9c6f1a6,0,True
disease_001823_d0cff7bb,disease_001824_d9c6f1a6,0,True
disease_001825_a75e24e8,disease_011099_c38f7d85,0,True
disease_001826_66dc4945,disease_000058_830d32b9,0,True
disease_001827_0aa85b14,disease_001828_8030f628,0,True
disease_001827_0aa85b14,disease_001829_de3845bd,2,True
disease_001828_8030f628,disease_001829_de3845bd,2,True
disease_001830_57d0420a,disease_011106_37727658,0,True
disease_001831_c020d13d,disease_011107_6dabe598,0,True
disease_001832_fefbba0a,disease_001833_39784b08,0,True
disease_001832_fefbba0a,disease_001834_db01cac7,0,True
disease_001833_39784b08,disease_001834_db01cac7,0,True
disease_001835_8c1363f9,disease_000059_95cd4056,0,True
disease_001836_d69ca960,disease_000060_0bd740e9,0,True
disease_001837_634ac5b0,disease_000061_035b016b,0,True
disease_001838_0499c956,disease_001839_b5dec667,0,True
disease_001838_0499c956,disease_001840_5f928da8,0,True
disease_001839_b5dec667,disease_001840_5f928da8,0,True
disease_001841_995bc572,disease_001842_2cdc2026,2,True
disease_001841_995bc572,disease_001843_e77465fb,0,True
disease_001842_2cdc2026,disease_001843_e77465fb,2,True
disease_001844_a9a95e90,disease_011110_0a6b7013,0,True
disease_001845_ecfc8dcc,disease_011111_e1735266,0,True
disease_001846_59ee31ee,disease_011112_353d109e,0,True
disease_001847_ff73b7f2,disease_001848_ee462bb5,0,True
disease_001847_ff73b7f2,disease_001849_7e4a077b,0,True
disease_001848_ee462bb5,disease_001849_7e4a077b,0,True
disease_001850_479c2871,disease_000062_2dd25ab5,0,True
disease_001851_b0f4324e,disease_001852_04c21613,0,True
disease_001851_b0f4324e,disease_001853_d4961a2f,2,True
disease_001852_04c21613,disease_001853_d4961a2f,2,True
disease_001854_10e46494,disease_001855_25ba8648,0,True
disease_001854_10e46494,disease_001856_f3777771,0,True
disease_001855_25ba8648,disease_001856_f3777771,0,True
